domain,first_seen,last_seen,days_seen
jan-pro.com.au,2026-01-02,2026-01-02,1
prodeo.agency,2026-01-06,2026-01-06,1
iqpc.com.au,2026-01-11,2026-01-11,1
russtownsend.org,2026-01-13,2026-03-04,2
meridianops.com.au,2026-01-15,2026-01-15,1
workforceabundance.com.au,2026-01-16,2026-06-02,4
brenhalbish.com,2026-01-19,2026-01-19,1
assurity.nz,2026-01-20,2026-04-02,2
moanaimportsolutions.com,2026-01-20,2026-01-20,1
mattjennings.uk,2026-01-21,2026-01-21,1
rssolarlabels.com.au,2026-01-22,2026-02-13,2
windsorip.com.au,2026-01-22,2026-01-22,1
auravion.com.au,2026-01-23,2026-01-23,1
betterhomeperformance.com.au,2026-01-23,2026-01-23,1
noorilla.com.au,2026-01-26,2026-02-17,2
optuscorporate.com.au,2026-01-28,2026-05-08,5
u-pol.com.au,2026-01-29,2026-01-29,1
humm-group.com,2026-02-03,2026-02-03,1
podconsult.com.au,2026-02-03,2026-02-03,1
kiprecruitment.com.au,2026-02-04,2026-02-04,1
stardynamichost.com,2026-02-07,2026-02-08,2
kpasearchpartners.com.au,2026-02-09,2026-02-09,1
rpmrevops.com,2026-02-09,2026-02-13,2
fittingrealm.com,2026-02-10,2026-02-10,1
evtmarketing.com.au,2026-02-16,2026-06-02,2
dorks.au,2026-02-17,2026-02-17,1
flounderfantasy.com,2026-02-19,2026-02-19,1
qmtmachinery.au,2026-02-19,2026-02-19,1
mandofreight.com,2026-02-20,2026-02-20,1
carpkingdom.com,2026-02-21,2026-02-21,1
salesdynamixgroup.com,2026-03-01,2026-03-01,1
alloovium.com,2026-03-02,2026-03-02,1
brinq-ai.com,2026-03-02,2026-03-02,1
get-goose.com,2026-03-02,2026-03-02,1
cititec.com.au,2026-03-05,2026-03-05,1
teaim.ai,2026-03-05,2026-03-05,1
hhmglobal.tech,2026-03-06,2026-03-06,1
bugswagger.tech,2026-03-08,2026-03-08,1
brightpointresearch.com,2026-03-09,2026-04-29,2
bscse.okcx.edu.rs,2026-03-09,2026-03-09,1
kauriglobal.com,2026-03-09,2026-03-27,3
temper.consulting,2026-03-09,2026-04-15,3
philann.harcourts.co.nz,2026-03-11,2026-04-29,2
automationsidekick.com,2026-03-12,2026-03-12,1
hubb.sydney,2026-03-12,2026-03-31,2
reali.supply,2026-03-12,2026-03-27,2
ricoh.co.nz,2026-03-13,2026-04-07,2
platformzerosolutions.com,2026-03-16,2026-03-16,1
prolife.co.nz,2026-03-17,2026-03-17,1
williamson.fm,2026-03-17,2026-03-17,1
selva.au,2026-03-18,2026-03-18,1
worldclassknowledge.com,2026-03-18,2026-03-18,1
thebyronscottcompany.com.au,2026-03-19,2026-03-19,1
podbyseth.com,2026-03-22,2026-03-22,1
konnectile.com,2026-03-23,2026-04-21,4
appoyo.com.au,2026-03-24,2026-03-24,1
engageiq.co.nz,2026-03-24,2026-03-24,1
parttimecmo.com.au,2026-03-24,2026-03-24,1
impactvibe.com.au,2026-03-25,2026-03-25,1
kirkstyle.com.au,2026-03-25,2026-03-25,1
thebates.co,2026-03-26,2026-03-26,1
ventureascend.com,2026-03-26,2026-03-26,1
dfnce.com,2026-03-27,2026-03-27,1
warnerconcepts.com.au,2026-03-30,2026-03-30,1
hivisworkclothes.com.au,2026-03-31,2026-03-31,1
simplewaste.com.au,2026-03-31,2026-04-29,2
flaiver.ai,2026-04-01,2026-04-01,1
leaseform.io,2026-04-04,2026-04-04,1
fergsearch.com,2026-04-05,2026-04-05,1
myscalesolutions.co,2026-04-05,2026-04-05,1
nationeye.ai,2026-04-06,2026-04-06,1
colabyr.com,2026-04-07,2026-04-07,1
itsdelightable.com,2026-04-07,2026-04-07,1
roimaint.com,2026-04-07,2026-04-07,1
mont-ford.com,2026-04-13,2026-04-13,1
elite-ai-automations.com,2026-04-14,2026-04-14,1
askanna.com.au,2026-04-15,2026-04-15,1
nsjexpress.com.au,2026-04-15,2026-04-15,1
dialable.io,2026-04-16,2026-04-16,1
growth-thinktank.com.au,2026-04-16,2026-04-16,1
passmail.net,2026-04-16,2026-04-16,1
placeholderthemediapark.com,2026-04-17,2026-04-17,1
majorsgroup.au,2026-04-20,2026-04-20,1
operonservices.com.au,2026-04-20,2026-04-20,1
portmento.ai,2026-04-20,2026-04-20,1
takocorporation.com,2026-04-20,2026-04-20,1
topqualityworkwear.com.au,2026-04-20,2026-04-20,1
buildots.com,2026-04-22,2026-04-22,1
mannabeach.com,2026-04-24,2026-04-24,1
mediamates.agency,2026-04-24,2026-04-24,1
circulatech.com.au,2026-04-26,2026-04-26,1
dp-eng.com.au,2026-04-26,2026-04-26,1
rebase-wellness.com,2026-04-27,2026-04-27,1
bravishi.com.au,2026-04-29,2026-04-29,1
justdigital.world,2026-04-29,2026-04-29,1
margieatkinsonconsulting.com.au,2026-04-29,2026-04-29,1
heyamara.com,2026-05-01,2026-05-01,1
huntresslabs.com,2026-05-01,2026-05-01,1
dtmprocurement.com.au,2026-05-03,2026-05-03,1
familyato.org,2026-05-03,2026-05-03,1
marketport.au,2026-05-03,2026-05-03,1
municipalai.com.au,2026-05-04,2026-05-04,1
myestimator.com.au,2026-05-04,2026-05-04,1
traversepartners.co.nz,2026-05-05,2026-05-05,1
getxolto.com,2026-05-07,2026-05-07,1
hotcoldspace.com,2026-05-07,2026-05-07,1
katzrecruitment.com.au,2026-05-07,2026-05-07,1
safe.inc,2026-05-07,2026-05-07,1
crownww.com.au,2026-05-08,2026-05-08,1
twn.net.au,2026-05-11,2026-05-11,1
sydcotech.com.au,2026-05-13,2026-05-13,1
26dgm.com,2026-05-14,2026-05-14,1
afrecruitment.com.au,2026-05-14,2026-05-14,1
flywheel.co.site,2026-05-14,2026-05-14,1
lucentlayer.com.au,2026-05-14,2026-05-14,1
haribilalic.com,2026-05-16,2026-05-16,1
powermark.com.au,2026-05-16,2026-05-16,1
cloudmerrick.com,2026-05-17,2026-05-17,1
ethantripodi.com,2026-05-18,2026-05-18,1
complyr.com,2026-05-19,2026-05-19,1
marasalesinstitute.com,2026-05-19,2026-05-19,1
volza.net,2026-05-19,2026-05-19,1
rockshorecapital.com.au,2026-05-20,2026-05-20,1
simplywallst.com,2026-05-20,2026-06-08,3
hauldit.com,2026-05-21,2026-05-21,1
terva.ai,2026-05-21,2026-05-21,1
weirdlyhub.com,2026-05-21,2026-05-21,1
regitoncapital.com.au,2026-05-25,2026-05-25,1
www2.griffith.edu.au,2026-05-25,2026-05-25,1
eavesdrop.com.au,2026-05-26,2026-05-26,1
wisdomwellbeing.au,2026-05-27,2026-05-27,1
perkx.com.au,2026-05-28,2026-05-28,1
durazon.group,2026-05-29,2026-05-29,1
saundersadvocacy.com.au,2026-05-31,2026-05-31,1
vectoriselabs.com,2026-05-31,2026-05-31,1
firstgearrevops.com.au,2026-06-01,2026-06-01,1
simetrixdt.com,2026-06-01,2026-06-01,1
amalthea.com.au,2026-06-02,2026-06-02,1
kloserecruitment.com,2026-06-02,2026-06-02,1
taama.ai,2026-06-02,2026-06-02,1
nolyvra.com,2026-06-03,2026-06-03,1
aicura.com.au,2026-06-04,2026-06-04,1
sync-opt.com,2026-06-04,2026-06-04,1
tcg-ltd.com,2026-06-08,2026-06-08,1
helixscale.com,2026-06-09,2026-06-09,1
smartelectricalgroup.com.au,2026-06-09,2026-06-09,1
appliedintel.com.au,2026-06-10,2026-06-10,1
franklincovey.com.au,2026-06-10,2026-06-10,1
getting-traction.com,2026-06-10,2026-06-10,1
kinbridge.com.au,2026-06-12,2026-06-12,1
optusperthsouth.com.au,2026-06-12,2026-06-12,1
